phase,p,view,anchor,horizon,rtol,runs,runs_with_eligible_leader,runs_with_displacement,runs_displaced_at_final,sequences,eligible_sequences,displaced_sequences,mean_within_run_displaced_fraction
boundary,17,point,0,59,1e-08,80,80,80,80,1360,1360,1334,0.9808823529411764
boundary,17,point,1,59,1e-08,80,80,80,80,1360,1360,1295,0.9522058823529413
boundary,17,point,2,59,1e-08,80,80,80,80,1360,1360,1270,0.9338235294117648
boundary,17,point,3,59,1e-08,80,80,80,80,1360,1360,1190,0.875
boundary,17,point,5,59,1e-08,80,80,80,80,1360,1360,1070,0.7867647058823529
boundary,17,point,10,59,1e-08,80,80,33,33,1360,1360,173,0.1272058823529412
boundary,17,point,15,59,1e-08,80,80,2,2,1360,1360,7,0.005147058823529412
boundary,17,point,20,59,1e-08,80,80,0,0,1360,1360,0,0.0
boundary,17,point,30,59,1e-08,80,80,0,0,1360,1360,0,0.0
boundary,17,point,40,59,1e-08,80,80,0,0,1360,1360,0,0.0
boundary,17,point,50,59,1e-08,80,80,0,0,1360,1360,0,0.0
boundary,17,point,55,59,1e-08,80,80,0,0,1360,1360,0,0.0
boundary,17,point,59,59,1e-08,80,80,0,0,1360,1360,0,0.0
boundary,17,profile,0,59,1e-08,80,80,74,72,80,80,74,0.925
boundary,17,profile,1,59,1e-08,80,80,64,55,80,80,64,0.8
boundary,17,profile,2,59,1e-08,80,80,64,56,80,80,64,0.8
boundary,17,profile,3,59,1e-08,80,80,64,60,80,80,64,0.8
boundary,17,profile,5,59,1e-08,80,80,57,54,80,80,57,0.7125
boundary,17,profile,10,59,1e-08,80,80,11,11,80,80,11,0.1375
boundary,17,profile,15,59,1e-08,80,80,1,1,80,80,1,0.0125
boundary,17,profile,20,59,1e-08,80,80,0,0,80,80,0,0.0
boundary,17,profile,30,59,1e-08,80,80,0,0,80,80,0,0.0
boundary,17,profile,40,59,1e-08,80,80,0,0,80,80,0,0.0
boundary,17,profile,50,59,1e-08,80,80,0,0,80,80,0,0.0
boundary,17,profile,55,59,1e-08,80,80,0,0,80,80,0,0.0
boundary,17,profile,59,59,1e-08,80,80,0,0,80,80,0,0.0
boundary,23,point,0,59,1e-08,80,80,80,80,1840,1840,1819,0.9885869565217391
boundary,23,point,1,59,1e-08,80,80,80,80,1840,1840,1810,0.9836956521739129
boundary,23,point,2,59,1e-08,80,80,80,80,1840,1840,1769,0.961413043478261
boundary,23,point,3,59,1e-08,80,80,80,80,1840,1840,1701,0.9244565217391303
boundary,23,point,5,59,1e-08,80,80,80,80,1840,1840,1565,0.8505434782608695
boundary,23,point,10,59,1e-08,80,80,35,35,1840,1840,365,0.1983695652173913
boundary,23,point,15,59,1e-08,80,80,0,0,1840,1840,0,0.0
boundary,23,point,20,59,1e-08,80,80,0,0,1840,1840,0,0.0
boundary,23,point,30,59,1e-08,80,80,0,0,1840,1840,0,0.0
boundary,23,point,40,59,1e-08,80,80,0,0,1840,1840,0,0.0
boundary,23,point,50,59,1e-08,80,80,0,0,1840,1840,0,0.0
boundary,23,point,55,59,1e-08,80,80,0,0,1840,1840,0,0.0
boundary,23,point,59,59,1e-08,80,80,0,0,1840,1840,0,0.0
boundary,23,profile,0,59,1e-08,80,80,76,76,80,80,76,0.95
boundary,23,profile,1,59,1e-08,80,80,76,76,80,80,76,0.95
boundary,23,profile,2,59,1e-08,80,80,74,73,80,80,74,0.925
boundary,23,profile,3,59,1e-08,80,80,74,73,80,80,74,0.925
boundary,23,profile,5,59,1e-08,80,80,66,64,80,80,66,0.825
boundary,23,profile,10,59,1e-08,80,80,17,17,80,80,17,0.2125
boundary,23,profile,15,59,1e-08,80,80,0,0,80,80,0,0.0
boundary,23,profile,20,59,1e-08,80,80,0,0,80,80,0,0.0
boundary,23,profile,30,59,1e-08,80,80,0,0,80,80,0,0.0
boundary,23,profile,40,59,1e-08,80,80,0,0,80,80,0,0.0
boundary,23,profile,50,59,1e-08,80,80,0,0,80,80,0,0.0
boundary,23,profile,55,59,1e-08,80,80,0,0,80,80,0,0.0
boundary,23,profile,59,59,1e-08,80,80,0,0,80,80,0,0.0
confirmation,17,point,0,59,1e-08,50,50,50,50,850,850,845,0.9941176470588234
confirmation,17,point,1,59,1e-08,50,50,50,50,850,850,840,0.9882352941176471
confirmation,17,point,2,59,1e-08,50,50,50,50,850,850,830,0.9764705882352941
confirmation,17,point,3,59,1e-08,50,50,50,50,850,850,803,0.9447058823529412
confirmation,17,point,5,59,1e-08,50,50,50,50,850,850,772,0.9082352941176471
confirmation,17,point,10,59,1e-08,50,50,1,1,850,850,1,0.001176470588235294
confirmation,17,point,15,59,1e-08,50,50,0,0,850,850,0,0.0
confirmation,17,point,20,59,1e-08,50,50,0,0,850,850,0,0.0
confirmation,17,point,30,59,1e-08,50,50,0,0,850,850,0,0.0
confirmation,17,point,40,59,1e-08,50,50,0,0,850,850,0,0.0
confirmation,17,point,50,59,1e-08,50,50,0,0,850,850,0,0.0
confirmation,17,point,55,59,1e-08,50,50,0,0,850,850,0,0.0
confirmation,17,point,59,59,1e-08,50,50,0,0,850,850,0,0.0
confirmation,17,profile,0,59,1e-08,50,50,49,49,50,50,49,0.98
confirmation,17,profile,1,59,1e-08,50,50,47,46,50,50,47,0.94
confirmation,17,profile,2,59,1e-08,50,50,47,46,50,50,47,0.94
confirmation,17,profile,3,59,1e-08,50,50,46,46,50,50,46,0.92
confirmation,17,profile,5,59,1e-08,50,50,45,45,50,50,45,0.9
confirmation,17,profile,10,59,1e-08,50,50,0,0,50,50,0,0.0
confirmation,17,profile,15,59,1e-08,50,50,0,0,50,50,0,0.0
confirmation,17,profile,20,59,1e-08,50,50,0,0,50,50,0,0.0
confirmation,17,profile,30,59,1e-08,50,50,0,0,50,50,0,0.0
confirmation,17,profile,40,59,1e-08,50,50,0,0,50,50,0,0.0
confirmation,17,profile,50,59,1e-08,50,50,0,0,50,50,0,0.0
confirmation,17,profile,55,59,1e-08,50,50,0,0,50,50,0,0.0
confirmation,17,profile,59,59,1e-08,50,50,0,0,50,50,0,0.0
confirmation,23,point,0,59,1e-08,30,30,30,30,690,690,686,0.9942028985507245
confirmation,23,point,1,59,1e-08,30,30,30,30,690,690,685,0.9927536231884058
confirmation,23,point,2,59,1e-08,30,30,30,30,690,690,679,0.9840579710144927
confirmation,23,point,3,59,1e-08,30,30,30,30,690,690,669,0.9695652173913043
confirmation,23,point,5,59,1e-08,30,30,30,30,690,690,642,0.9304347826086956
confirmation,23,point,10,59,1e-08,30,30,4,4,690,690,6,0.008695652173913044
confirmation,23,point,15,59,1e-08,30,30,0,0,690,690,0,0.0
confirmation,23,point,20,59,1e-08,30,30,0,0,690,690,0,0.0
confirmation,23,point,30,59,1e-08,30,30,0,0,690,690,0,0.0
confirmation,23,point,40,59,1e-08,30,30,0,0,690,690,0,0.0
confirmation,23,point,50,59,1e-08,30,30,0,0,690,690,0,0.0
confirmation,23,point,55,59,1e-08,30,30,0,0,690,690,0,0.0
confirmation,23,point,59,59,1e-08,30,30,0,0,690,690,0,0.0
confirmation,23,profile,0,59,1e-08,30,30,30,30,30,30,30,1.0
confirmation,23,profile,1,59,1e-08,30,30,30,30,30,30,30,1.0
confirmation,23,profile,2,59,1e-08,30,30,30,30,30,30,30,1.0
confirmation,23,profile,3,59,1e-08,30,30,30,30,30,30,30,1.0
confirmation,23,profile,5,59,1e-08,30,30,28,28,30,30,28,0.9333333333333333
confirmation,23,profile,10,59,1e-08,30,30,0,0,30,30,0,0.0
confirmation,23,profile,15,59,1e-08,30,30,0,0,30,30,0,0.0
confirmation,23,profile,20,59,1e-08,30,30,0,0,30,30,0,0.0
confirmation,23,profile,30,59,1e-08,30,30,0,0,30,30,0,0.0
confirmation,23,profile,40,59,1e-08,30,30,0,0,30,30,0,0.0
confirmation,23,profile,50,59,1e-08,30,30,0,0,30,30,0,0.0
confirmation,23,profile,55,59,1e-08,30,30,0,0,30,30,0,0.0
confirmation,23,profile,59,59,1e-08,30,30,0,0,30,30,0,0.0
discovery,17,point,0,59,1e-08,61,61,59,59,1037,1037,987,0.9517839922854389
discovery,17,point,1,59,1e-08,61,61,59,59,1037,1037,972,0.9373191899710706
discovery,17,point,2,59,1e-08,61,61,59,59,1037,1037,953,0.9189971070395371
discovery,17,point,3,59,1e-08,61,61,59,59,1037,1037,916,0.8833172613307617
discovery,17,point,5,59,1e-08,61,61,58,58,1037,1037,836,0.8061716489874637
discovery,17,point,10,59,1e-08,61,61,10,10,1037,1037,27,0.026036644165863067
discovery,17,point,15,59,1e-08,61,61,3,3,1037,1037,48,0.04628736740597878
discovery,17,point,20,59,1e-08,61,61,3,3,1037,1037,49,0.04725168756027001
discovery,17,point,30,59,1e-08,61,61,3,3,1037,1037,50,0.048216007714561235
discovery,17,point,40,59,1e-08,61,61,3,3,1037,1037,50,0.048216007714561235
discovery,17,point,50,59,1e-08,61,61,3,3,1037,1037,50,0.048216007714561235
discovery,17,point,55,59,1e-08,61,61,3,3,1037,1037,40,0.03857280617164899
discovery,17,point,59,59,1e-08,61,61,0,0,1037,1037,0,0.0
discovery,17,profile,0,59,1e-08,61,61,58,56,61,61,58,0.9508196721311475
discovery,17,profile,1,59,1e-08,61,61,57,56,61,61,57,0.9344262295081968
discovery,17,profile,2,59,1e-08,61,61,57,55,61,61,57,0.9344262295081968
discovery,17,profile,3,59,1e-08,61,61,56,54,61,61,56,0.9180327868852459
discovery,17,profile,5,59,1e-08,61,61,53,51,61,61,53,0.8688524590163934
discovery,17,profile,10,59,1e-08,61,61,6,4,61,61,6,0.09836065573770492
discovery,17,profile,15,59,1e-08,61,61,6,6,61,61,6,0.09836065573770492
discovery,17,profile,20,59,1e-08,61,61,6,6,61,61,6,0.09836065573770492
discovery,17,profile,30,59,1e-08,61,61,6,6,61,61,6,0.09836065573770492
discovery,17,profile,40,59,1e-08,61,61,6,6,61,61,6,0.09836065573770492
discovery,17,profile,50,59,1e-08,61,61,6,6,61,61,6,0.09836065573770492
discovery,17,profile,55,59,1e-08,61,61,6,4,61,61,6,0.09836065573770492
discovery,17,profile,59,59,1e-08,61,61,0,0,61,61,0,0.0
discovery,29,point,0,59,1e-08,21,21,20,20,609,609,568,0.9326765188834154
discovery,29,point,1,59,1e-08,21,21,20,20,609,609,566,0.9293924466338258
discovery,29,point,2,59,1e-08,21,21,20,20,609,609,561,0.9211822660098521
discovery,29,point,3,59,1e-08,21,21,20,20,609,609,556,0.9129720853858784
discovery,29,point,5,59,1e-08,21,21,20,20,609,609,541,0.8883415435139574
discovery,29,point,10,59,1e-08,21,21,8,8,609,609,36,0.05911330049261084
discovery,29,point,15,59,1e-08,21,21,1,1,609,609,29,0.047619047619047616
discovery,29,point,20,59,1e-08,21,21,1,1,609,609,29,0.047619047619047616
discovery,29,point,30,59,1e-08,21,21,1,1,609,609,29,0.047619047619047616
discovery,29,point,40,59,1e-08,21,21,1,1,609,609,29,0.047619047619047616
discovery,29,point,50,59,1e-08,21,21,1,1,609,609,29,0.047619047619047616
discovery,29,point,55,59,1e-08,21,21,1,1,609,609,29,0.047619047619047616
discovery,29,point,59,59,1e-08,21,21,0,0,609,609,0,0.0
discovery,29,profile,0,59,1e-08,21,21,19,17,21,21,19,0.9047619047619048
discovery,29,profile,1,59,1e-08,21,21,19,18,21,21,19,0.9047619047619048
discovery,29,profile,2,59,1e-08,21,21,19,18,21,21,19,0.9047619047619048
discovery,29,profile,3,59,1e-08,21,21,19,18,21,21,19,0.9047619047619048
discovery,29,profile,5,59,1e-08,21,21,19,18,21,21,19,0.9047619047619048
discovery,29,profile,10,59,1e-08,21,21,6,6,21,21,6,0.2857142857142857
discovery,29,profile,15,59,1e-08,21,21,6,6,21,21,6,0.2857142857142857
discovery,29,profile,20,59,1e-08,21,21,6,6,21,21,6,0.2857142857142857
discovery,29,profile,30,59,1e-08,21,21,6,6,21,21,6,0.2857142857142857
discovery,29,profile,40,59,1e-08,21,21,6,6,21,21,6,0.2857142857142857
discovery,29,profile,50,59,1e-08,21,21,6,6,21,21,6,0.2857142857142857
discovery,29,profile,55,59,1e-08,21,21,6,6,21,21,6,0.2857142857142857
discovery,29,profile,59,59,1e-08,21,21,0,0,21,21,0,0.0
intervention,17,point,0,59,1e-08,240,240,240,240,4080,4080,4003,0.9811274509803922
intervention,17,point,1,59,1e-08,240,240,240,240,4080,4080,3967,0.9723039215686275
intervention,17,point,2,59,1e-08,240,240,240,240,4080,4080,3908,0.9578431372549019
intervention,17,point,3,59,1e-08,240,240,240,240,4080,4080,3797,0.9306372549019609
intervention,17,point,5,59,1e-08,240,240,240,240,4080,4080,3466,0.8495098039215686
intervention,17,point,10,59,1e-08,240,240,17,17,4080,4080,19,0.004656862745098039
intervention,17,point,15,59,1e-08,240,240,0,0,4080,4080,0,0.0
intervention,17,point,20,59,1e-08,240,240,0,0,4080,4080,0,0.0
intervention,17,point,30,59,1e-08,240,240,0,0,4080,4080,0,0.0
intervention,17,point,40,59,1e-08,240,240,0,0,4080,4080,0,0.0
intervention,17,point,50,59,1e-08,240,240,0,0,4080,4080,0,0.0
intervention,17,point,55,59,1e-08,240,240,0,0,4080,4080,0,0.0
intervention,17,point,59,59,1e-08,240,240,0,0,4080,4080,0,0.0
intervention,17,profile,0,59,1e-08,240,240,231,225,240,240,231,0.9625
intervention,17,profile,1,59,1e-08,240,240,224,219,240,240,224,0.9333333333333333
intervention,17,profile,2,59,1e-08,240,240,222,217,240,240,222,0.925
intervention,17,profile,3,59,1e-08,240,240,217,212,240,240,217,0.9041666666666667
intervention,17,profile,5,59,1e-08,240,240,203,198,240,240,203,0.8458333333333333
intervention,17,profile,10,59,1e-08,240,240,1,1,240,240,1,0.004166666666666667
intervention,17,profile,15,59,1e-08,240,240,0,0,240,240,0,0.0
intervention,17,profile,20,59,1e-08,240,240,0,0,240,240,0,0.0
intervention,17,profile,30,59,1e-08,240,240,0,0,240,240,0,0.0
intervention,17,profile,40,59,1e-08,240,240,0,0,240,240,0,0.0
intervention,17,profile,50,59,1e-08,240,240,0,0,240,240,0,0.0
intervention,17,profile,55,59,1e-08,240,240,0,0,240,240,0,0.0
intervention,17,profile,59,59,1e-08,240,240,0,0,240,240,0,0.0
intervention,23,point,0,59,1e-08,120,120,120,120,2760,2760,2731,0.9894927536231884
intervention,23,point,1,59,1e-08,120,120,120,120,2760,2760,2720,0.9855072463768116
intervention,23,point,2,59,1e-08,120,120,120,120,2760,2760,2691,0.975
intervention,23,point,3,59,1e-08,120,120,120,120,2760,2760,2652,0.9608695652173913
intervention,23,point,5,59,1e-08,120,120,120,120,2760,2760,2551,0.9242753623188407
intervention,23,point,10,59,1e-08,120,120,16,16,2760,2760,28,0.010144927536231885
intervention,23,point,15,59,1e-08,120,120,0,0,2760,2760,0,0.0
intervention,23,point,20,59,1e-08,120,120,0,0,2760,2760,0,0.0
intervention,23,point,30,59,1e-08,120,120,0,0,2760,2760,0,0.0
intervention,23,point,40,59,1e-08,120,120,0,0,2760,2760,0,0.0
intervention,23,point,50,59,1e-08,120,120,0,0,2760,2760,0,0.0
intervention,23,point,55,59,1e-08,120,120,0,0,2760,2760,0,0.0
intervention,23,point,59,59,1e-08,120,120,0,0,2760,2760,0,0.0
intervention,23,profile,0,59,1e-08,120,120,118,112,120,120,118,0.9833333333333333
intervention,23,profile,1,59,1e-08,120,120,118,113,120,120,118,0.9833333333333333
intervention,23,profile,2,59,1e-08,120,120,117,114,120,120,117,0.975
intervention,23,profile,3,59,1e-08,120,120,116,111,120,120,116,0.9666666666666667
intervention,23,profile,5,59,1e-08,120,120,113,111,120,120,113,0.9416666666666667
intervention,23,profile,10,59,1e-08,120,120,1,1,120,120,1,0.008333333333333333
intervention,23,profile,15,59,1e-08,120,120,0,0,120,120,0,0.0
intervention,23,profile,20,59,1e-08,120,120,0,0,120,120,0,0.0
intervention,23,profile,30,59,1e-08,120,120,0,0,120,120,0,0.0
intervention,23,profile,40,59,1e-08,120,120,0,0,120,120,0,0.0
intervention,23,profile,50,59,1e-08,120,120,0,0,120,120,0,0.0
intervention,23,profile,55,59,1e-08,120,120,0,0,120,120,0,0.0
intervention,23,profile,59,59,1e-08,120,120,0,0,120,120,0,0.0
operator,17,point,0,59,1e-08,41,41,31,31,697,697,527,0.7560975609756098
operator,17,point,1,59,1e-08,41,41,31,31,697,697,527,0.7560975609756098
operator,17,point,2,59,1e-08,41,41,31,31,697,697,527,0.7560975609756098
operator,17,point,3,59,1e-08,41,41,31,31,697,697,527,0.7560975609756098
operator,17,point,5,59,1e-08,41,41,31,31,697,697,527,0.7560975609756098
operator,17,point,10,59,1e-08,41,41,14,14,697,697,177,0.25394548063127687
operator,17,point,15,59,1e-08,41,41,14,14,697,697,238,0.34146341463414637
operator,17,point,20,59,1e-08,41,41,14,14,697,697,238,0.34146341463414637
operator,17,point,30,59,1e-08,41,41,14,14,697,697,238,0.34146341463414637
operator,17,point,40,59,1e-08,41,41,14,14,697,697,238,0.34146341463414637
operator,17,point,50,59,1e-08,41,41,14,14,697,697,236,0.3385939741750359
operator,17,point,55,59,1e-08,41,41,14,14,697,697,220,0.3156384505021521
operator,17,point,59,59,1e-08,41,41,0,0,697,697,0,0.0
operator,17,profile,0,59,1e-08,41,41,31,31,41,41,31,0.7560975609756098
operator,17,profile,1,59,1e-08,41,41,31,31,41,41,31,0.7560975609756098
operator,17,profile,2,59,1e-08,41,41,31,31,41,41,31,0.7560975609756098
operator,17,profile,3,59,1e-08,41,41,31,31,41,41,31,0.7560975609756098
operator,17,profile,5,59,1e-08,41,41,31,31,41,41,31,0.7560975609756098
operator,17,profile,10,59,1e-08,41,41,1,1,41,41,1,0.024390243902439025
operator,17,profile,15,59,1e-08,41,41,1,1,41,41,1,0.024390243902439025
operator,17,profile,20,59,1e-08,41,41,1,1,41,41,1,0.024390243902439025
operator,17,profile,30,59,1e-08,41,41,1,1,41,41,1,0.024390243902439025
operator,17,profile,40,59,1e-08,41,41,1,1,41,41,1,0.024390243902439025
operator,17,profile,50,59,1e-08,41,41,1,1,41,41,1,0.024390243902439025
operator,17,profile,55,59,1e-08,41,41,1,0,41,41,1,0.024390243902439025
operator,17,profile,59,59,1e-08,41,41,0,0,41,41,0,0.0
operator,23,point,0,59,1e-08,71,71,58,58,1633,1633,1334,0.8169014084507042
operator,23,point,1,59,1e-08,71,71,58,58,1633,1633,1334,0.8169014084507042
operator,23,point,2,59,1e-08,71,71,58,58,1633,1633,1334,0.8169014084507042
operator,23,point,3,59,1e-08,71,71,58,58,1633,1633,1334,0.8169014084507042
operator,23,point,5,59,1e-08,71,71,58,58,1633,1633,1334,0.8169014084507042
operator,23,point,10,59,1e-08,71,71,8,7,1633,1633,54,0.033067973055725654
operator,23,point,15,59,1e-08,71,71,18,18,1633,1633,410,0.25107164727495407
operator,23,point,20,59,1e-08,71,71,18,18,1633,1633,411,0.2516840171463564
operator,23,point,30,59,1e-08,71,71,18,18,1633,1633,410,0.25107164727495407
operator,23,point,40,59,1e-08,71,71,18,18,1633,1633,410,0.25107164727495407
operator,23,point,50,59,1e-08,71,71,18,18,1633,1633,409,0.2504592774035517
operator,23,point,55,59,1e-08,71,71,18,18,1633,1633,387,0.2369871402327006
operator,23,point,59,59,1e-08,71,71,0,0,1633,1633,0,0.0
operator,23,profile,0,59,1e-08,71,71,58,58,71,71,58,0.8169014084507042
operator,23,profile,1,59,1e-08,71,71,58,58,71,71,58,0.8169014084507042
operator,23,profile,2,59,1e-08,71,71,58,58,71,71,58,0.8169014084507042
operator,23,profile,3,59,1e-08,71,71,58,58,71,71,58,0.8169014084507042
operator,23,profile,5,59,1e-08,71,71,58,58,71,71,58,0.8169014084507042
operator,23,profile,10,59,1e-08,71,71,1,1,71,71,1,0.014084507042253521
operator,23,profile,15,59,1e-08,71,71,1,1,71,71,1,0.014084507042253521
operator,23,profile,20,59,1e-08,71,71,1,1,71,71,1,0.014084507042253521
operator,23,profile,30,59,1e-08,71,71,1,1,71,71,1,0.014084507042253521
operator,23,profile,40,59,1e-08,71,71,1,1,71,71,1,0.014084507042253521
operator,23,profile,50,59,1e-08,71,71,1,1,71,71,1,0.014084507042253521
operator,23,profile,55,59,1e-08,71,71,1,1,71,71,1,0.014084507042253521
operator,23,profile,59,59,1e-08,71,71,0,0,71,71,0,0.0
probe,17,point,0,5,1e-08,45,45,17,17,765,765,289,0.37777777777777777
probe,17,point,1,5,1e-08,45,45,17,17,765,765,289,0.37777777777777777
probe,17,point,2,5,1e-08,45,45,17,17,765,765,289,0.37777777777777777
probe,17,point,3,5,1e-08,45,45,17,17,765,765,289,0.37777777777777777
probe,17,point,5,5,1e-08,45,45,0,0,765,765,0,0.0
probe,17,profile,0,5,1e-08,45,45,17,17,45,45,17,0.37777777777777777
probe,17,profile,1,5,1e-08,45,45,17,17,45,45,17,0.37777777777777777
probe,17,profile,2,5,1e-08,45,45,17,17,45,45,17,0.37777777777777777
probe,17,profile,3,5,1e-08,45,45,17,17,45,45,17,0.37777777777777777
probe,17,profile,5,5,1e-08,45,45,0,0,45,45,0,0.0
probe,29,point,0,5,1e-08,5,5,1,1,145,145,29,0.2
probe,29,point,1,5,1e-08,5,5,1,1,145,145,29,0.2
probe,29,point,2,5,1e-08,5,5,1,1,145,145,29,0.2
probe,29,point,3,5,1e-08,5,5,1,1,145,145,29,0.2
probe,29,point,5,5,1e-08,5,5,0,0,145,145,0,0.0
probe,29,profile,0,5,1e-08,5,5,1,1,5,5,1,0.2
probe,29,profile,1,5,1e-08,5,5,1,1,5,5,1,0.2
probe,29,profile,2,5,1e-08,5,5,1,1,5,5,1,0.2
probe,29,profile,3,5,1e-08,5,5,1,1,5,5,1,0.2
probe,29,profile,5,5,1e-08,5,5,0,0,5,5,0,0.0
