phase,p,view,event,step,count
boundary,17,point,correct_to_wrong,8,3
boundary,17,point,leader_group_replaced,1,569
boundary,17,point,leader_group_replaced,2,433
boundary,17,point,leader_group_replaced,3,401
boundary,17,point,leader_group_replaced,4,355
boundary,17,point,leader_group_replaced,5,413
boundary,17,point,leader_group_replaced,6,419
boundary,17,point,leader_group_replaced,7,405
boundary,17,point,leader_group_replaced,8,223
boundary,17,point,leader_group_replaced,9,179
boundary,17,point,leader_group_replaced,10,241
boundary,17,point,leader_group_replaced,11,107
boundary,17,point,leader_group_replaced,12,21
boundary,17,point,leader_group_replaced,13,15
boundary,17,point,leader_group_replaced,14,18
boundary,17,point,leader_group_replaced,15,6
boundary,17,point,leader_group_replaced,16,1
boundary,17,point,leader_group_replaced,17,3
boundary,17,point,leader_group_replaced,18,3
boundary,17,point,wrong_to_correct,6,23
boundary,17,point,wrong_to_correct,7,60
boundary,17,point,wrong_to_correct,8,136
boundary,17,point,wrong_to_correct,9,139
boundary,17,point,wrong_to_correct,10,207
boundary,17,point,wrong_to_correct,11,101
boundary,17,point,wrong_to_correct,12,16
boundary,17,point,wrong_to_correct,13,15
boundary,17,point,wrong_to_correct,14,15
boundary,17,point,wrong_to_correct,15,6
boundary,17,point,wrong_to_correct,16,1
boundary,17,point,wrong_to_correct,17,3
boundary,17,point,wrong_to_correct,18,3
boundary,17,profile,leader_group_replaced,1,68
boundary,17,profile,leader_group_replaced,2,24
boundary,17,profile,leader_group_replaced,3,14
boundary,17,profile,leader_group_replaced,4,12
boundary,17,profile,leader_group_replaced,5,19
boundary,17,profile,leader_group_replaced,6,31
boundary,17,profile,leader_group_replaced,7,19
boundary,17,profile,leader_group_replaced,8,9
boundary,17,profile,leader_group_replaced,9,10
boundary,17,profile,leader_group_replaced,10,14
boundary,17,profile,leader_group_replaced,11,7
boundary,17,profile,leader_group_replaced,13,2
boundary,17,profile,leader_group_replaced,14,1
boundary,17,profile,leader_group_replaced,16,1
boundary,17,profile,wrong_to_correct,6,2
boundary,17,profile,wrong_to_correct,7,4
boundary,17,profile,wrong_to_correct,8,8
boundary,17,profile,wrong_to_correct,9,8
boundary,17,profile,wrong_to_correct,10,13
boundary,17,profile,wrong_to_correct,11,6
boundary,17,profile,wrong_to_correct,13,2
boundary,17,profile,wrong_to_correct,14,1
boundary,17,profile,wrong_to_correct,16,1
boundary,23,point,correct_to_wrong,8,7
boundary,23,point,correct_to_wrong,9,12
boundary,23,point,correct_to_wrong,10,5
boundary,23,point,leader_group_replaced,1,715
boundary,23,point,leader_group_replaced,2,609
boundary,23,point,leader_group_replaced,3,691
boundary,23,point,leader_group_replaced,4,500
boundary,23,point,leader_group_replaced,5,497
boundary,23,point,leader_group_replaced,6,569
boundary,23,point,leader_group_replaced,7,482
boundary,23,point,leader_group_replaced,8,266
boundary,23,point,leader_group_replaced,9,396
boundary,23,point,leader_group_replaced,10,381
boundary,23,point,leader_group_replaced,11,266
boundary,23,point,leader_group_replaced,12,54
boundary,23,point,leader_group_replaced,13,28
boundary,23,point,leader_group_replaced,14,14
boundary,23,point,leader_group_replaced,15,5
boundary,23,point,wrong_to_correct,6,45
boundary,23,point,wrong_to_correct,7,147
boundary,23,point,wrong_to_correct,8,114
boundary,23,point,wrong_to_correct,9,342
boundary,23,point,wrong_to_correct,10,361
boundary,23,point,wrong_to_correct,11,261
boundary,23,point,wrong_to_correct,12,53
boundary,23,point,wrong_to_correct,13,28
boundary,23,point,wrong_to_correct,14,14
boundary,23,point,wrong_to_correct,15,5
boundary,23,profile,correct_to_wrong,8,1
boundary,23,profile,leader_group_replaced,1,26
boundary,23,profile,leader_group_replaced,2,24
boundary,23,profile,leader_group_replaced,3,35
boundary,23,profile,leader_group_replaced,4,15
boundary,23,profile,leader_group_replaced,5,10
boundary,23,profile,leader_group_replaced,6,17
boundary,23,profile,leader_group_replaced,7,14
boundary,23,profile,leader_group_replaced,8,7
boundary,23,profile,leader_group_replaced,9,17
boundary,23,profile,leader_group_replaced,10,18
boundary,23,profile,leader_group_replaced,11,9
boundary,23,profile,leader_group_replaced,12,5
boundary,23,profile,leader_group_replaced,13,2
boundary,23,profile,leader_group_replaced,14,1
boundary,23,profile,wrong_to_correct,6,2
boundary,23,profile,wrong_to_correct,7,7
boundary,23,profile,wrong_to_correct,8,5
boundary,23,profile,wrong_to_correct,9,16
boundary,23,profile,wrong_to_correct,10,18
boundary,23,profile,wrong_to_correct,11,9
boundary,23,profile,wrong_to_correct,12,5
boundary,23,profile,wrong_to_correct,13,2
boundary,23,profile,wrong_to_correct,14,1
confirmation,17,point,leader_group_replaced,1,326
confirmation,17,point,leader_group_replaced,2,289
confirmation,17,point,leader_group_replaced,3,281
confirmation,17,point,leader_group_replaced,4,217
confirmation,17,point,leader_group_replaced,5,302
confirmation,17,point,leader_group_replaced,6,235
confirmation,17,point,leader_group_replaced,7,371
confirmation,17,point,leader_group_replaced,8,323
confirmation,17,point,leader_group_replaced,9,347
confirmation,17,point,leader_group_replaced,10,39
confirmation,17,point,leader_group_replaced,12,1
confirmation,17,point,wrong_to_correct,8,285
confirmation,17,point,wrong_to_correct,9,344
confirmation,17,point,wrong_to_correct,10,36
confirmation,17,point,wrong_to_correct,12,1
confirmation,17,profile,leader_group_replaced,1,28
confirmation,17,profile,leader_group_replaced,2,14
confirmation,17,profile,leader_group_replaced,3,15
confirmation,17,profile,leader_group_replaced,4,4
confirmation,17,profile,leader_group_replaced,5,15
confirmation,17,profile,leader_group_replaced,6,17
confirmation,17,profile,leader_group_replaced,7,19
confirmation,17,profile,leader_group_replaced,8,24
confirmation,17,profile,leader_group_replaced,9,17
confirmation,17,profile,leader_group_replaced,10,2
confirmation,17,profile,wrong_to_correct,8,22
confirmation,17,profile,wrong_to_correct,9,17
confirmation,17,profile,wrong_to_correct,10,2
confirmation,23,point,leader_group_replaced,1,236
confirmation,23,point,leader_group_replaced,2,244
confirmation,23,point,leader_group_replaced,3,267
confirmation,23,point,leader_group_replaced,4,187
confirmation,23,point,leader_group_replaced,5,179
confirmation,23,point,leader_group_replaced,6,266
confirmation,23,point,leader_group_replaced,7,228
confirmation,23,point,leader_group_replaced,8,324
confirmation,23,point,leader_group_replaced,9,317
confirmation,23,point,leader_group_replaced,10,45
confirmation,23,point,leader_group_replaced,11,6
confirmation,23,point,wrong_to_correct,8,226
confirmation,23,point,wrong_to_correct,9,313
confirmation,23,point,wrong_to_correct,10,43
confirmation,23,point,wrong_to_correct,11,6
confirmation,23,profile,leader_group_replaced,1,12
confirmation,23,profile,leader_group_replaced,2,14
confirmation,23,profile,leader_group_replaced,3,11
confirmation,23,profile,leader_group_replaced,4,3
confirmation,23,profile,leader_group_replaced,5,7
confirmation,23,profile,leader_group_replaced,6,11
confirmation,23,profile,leader_group_replaced,7,8
confirmation,23,profile,leader_group_replaced,8,15
confirmation,23,profile,leader_group_replaced,9,14
confirmation,23,profile,leader_group_replaced,10,3
confirmation,23,profile,wrong_to_correct,8,10
confirmation,23,profile,wrong_to_correct,9,14
confirmation,23,profile,wrong_to_correct,10,3
discovery,17,point,leader_group_replaced,1,363
discovery,17,point,leader_group_replaced,2,308
discovery,17,point,leader_group_replaced,3,334
discovery,17,point,leader_group_replaced,4,230
discovery,17,point,leader_group_replaced,5,310
discovery,17,point,leader_group_replaced,6,268
discovery,17,point,leader_group_replaced,7,440
discovery,17,point,leader_group_replaced,8,314
discovery,17,point,leader_group_replaced,9,252
discovery,17,point,leader_group_replaced,10,41
discovery,17,point,leader_group_replaced,11,8
discovery,17,point,leader_group_replaced,12,2
discovery,17,point,wrong_to_correct,6,17
discovery,17,point,wrong_to_correct,7,34
discovery,17,point,wrong_to_correct,8,245
discovery,17,point,wrong_to_correct,9,241
discovery,17,point,wrong_to_correct,10,37
discovery,17,point,wrong_to_correct,11,8
discovery,17,point,wrong_to_correct,12,2
discovery,17,profile,leader_group_replaced,1,20
discovery,17,profile,leader_group_replaced,2,21
discovery,17,profile,leader_group_replaced,3,16
discovery,17,profile,leader_group_replaced,4,13
discovery,17,profile,leader_group_replaced,5,16
discovery,17,profile,leader_group_replaced,6,9
discovery,17,profile,leader_group_replaced,7,24
discovery,17,profile,leader_group_replaced,8,20
discovery,17,profile,leader_group_replaced,9,20
discovery,17,profile,leader_group_replaced,10,2
discovery,17,profile,leader_group_replaced,11,2
discovery,17,profile,leader_group_replaced,12,5
discovery,17,profile,leader_group_replaced,13,5
discovery,17,profile,leader_group_replaced,14,4
discovery,17,profile,leader_group_replaced,15,4
discovery,17,profile,leader_group_replaced,16,5
discovery,17,profile,leader_group_replaced,17,5
discovery,17,profile,leader_group_replaced,18,4
discovery,17,profile,leader_group_replaced,19,5
discovery,17,profile,leader_group_replaced,20,4
discovery,17,profile,leader_group_replaced,21,4
discovery,17,profile,leader_group_replaced,22,5
discovery,17,profile,leader_group_replaced,23,5
discovery,17,profile,leader_group_replaced,24,4
discovery,17,profile,leader_group_replaced,25,5
discovery,17,profile,leader_group_replaced,26,4
discovery,17,profile,leader_group_replaced,27,2
discovery,17,profile,leader_group_replaced,28,4
discovery,17,profile,leader_group_replaced,29,5
discovery,17,profile,leader_group_replaced,30,4
discovery,17,profile,leader_group_replaced,31,4
discovery,17,profile,leader_group_replaced,32,5
discovery,17,profile,leader_group_replaced,33,5
discovery,17,profile,leader_group_replaced,34,5
discovery,17,profile,leader_group_replaced,35,5
discovery,17,profile,leader_group_replaced,36,5
discovery,17,profile,leader_group_replaced,37,4
discovery,17,profile,leader_group_replaced,38,5
discovery,17,profile,leader_group_replaced,39,4
discovery,17,profile,leader_group_replaced,40,3
discovery,17,profile,leader_group_replaced,41,5
discovery,17,profile,leader_group_replaced,42,5
discovery,17,profile,leader_group_replaced,43,5
discovery,17,profile,leader_group_replaced,44,5
discovery,17,profile,leader_group_replaced,45,3
discovery,17,profile,leader_group_replaced,46,5
discovery,17,profile,leader_group_replaced,47,2
discovery,17,profile,leader_group_replaced,48,5
discovery,17,profile,leader_group_replaced,49,4
discovery,17,profile,leader_group_replaced,50,4
discovery,17,profile,leader_group_replaced,51,5
discovery,17,profile,leader_group_replaced,52,4
discovery,17,profile,leader_group_replaced,53,3
discovery,17,profile,leader_group_replaced,54,4
discovery,17,profile,leader_group_replaced,55,5
discovery,17,profile,leader_group_replaced,56,5
discovery,17,profile,leader_group_replaced,57,5
discovery,17,profile,leader_group_replaced,58,5
discovery,17,profile,leader_group_replaced,59,4
discovery,17,profile,wrong_to_correct,6,1
discovery,17,profile,wrong_to_correct,7,2
discovery,17,profile,wrong_to_correct,8,18
discovery,17,profile,wrong_to_correct,9,15
discovery,29,point,leader_group_replaced,1,147
discovery,29,point,leader_group_replaced,2,152
discovery,29,point,leader_group_replaced,3,112
discovery,29,point,leader_group_replaced,4,90
discovery,29,point,leader_group_replaced,5,158
discovery,29,point,leader_group_replaced,6,238
discovery,29,point,leader_group_replaced,7,150
discovery,29,point,leader_group_replaced,8,194
discovery,29,point,leader_group_replaced,9,138
discovery,29,point,leader_group_replaced,10,6
discovery,29,point,leader_group_replaced,11,1
discovery,29,point,leader_group_replaced,12,6
discovery,29,point,wrong_to_correct,6,145
discovery,29,point,wrong_to_correct,8,29
discovery,29,point,wrong_to_correct,9,116
discovery,29,point,wrong_to_correct,11,1
discovery,29,point,wrong_to_correct,12,6
discovery,29,profile,leader_group_replaced,1,10
discovery,29,profile,leader_group_replaced,2,8
discovery,29,profile,leader_group_replaced,3,3
discovery,29,profile,leader_group_replaced,4,5
discovery,29,profile,leader_group_replaced,5,6
discovery,29,profile,leader_group_replaced,6,5
discovery,29,profile,leader_group_replaced,7,2
discovery,29,profile,leader_group_replaced,8,6
discovery,29,profile,leader_group_replaced,9,6
discovery,29,profile,leader_group_replaced,10,2
discovery,29,profile,leader_group_replaced,11,2
discovery,29,profile,leader_group_replaced,12,5
discovery,29,profile,leader_group_replaced,13,5
discovery,29,profile,leader_group_replaced,14,5
discovery,29,profile,leader_group_replaced,15,5
discovery,29,profile,leader_group_replaced,16,5
discovery,29,profile,leader_group_replaced,17,5
discovery,29,profile,leader_group_replaced,18,4
discovery,29,profile,leader_group_replaced,19,5
discovery,29,profile,leader_group_replaced,20,5
discovery,29,profile,leader_group_replaced,21,5
discovery,29,profile,leader_group_replaced,22,4
discovery,29,profile,leader_group_replaced,23,5
discovery,29,profile,leader_group_replaced,24,5
discovery,29,profile,leader_group_replaced,25,5
discovery,29,profile,leader_group_replaced,26,4
discovery,29,profile,leader_group_replaced,27,5
discovery,29,profile,leader_group_replaced,28,5
discovery,29,profile,leader_group_replaced,29,5
discovery,29,profile,leader_group_replaced,30,5
discovery,29,profile,leader_group_replaced,31,5
discovery,29,profile,leader_group_replaced,32,5
discovery,29,profile,leader_group_replaced,33,4
discovery,29,profile,leader_group_replaced,34,5
discovery,29,profile,leader_group_replaced,35,5
discovery,29,profile,leader_group_replaced,36,5
discovery,29,profile,leader_group_replaced,37,5
discovery,29,profile,leader_group_replaced,38,5
discovery,29,profile,leader_group_replaced,39,5
discovery,29,profile,leader_group_replaced,40,5
discovery,29,profile,leader_group_replaced,41,5
discovery,29,profile,leader_group_replaced,42,5
discovery,29,profile,leader_group_replaced,43,4
discovery,29,profile,leader_group_replaced,44,5
discovery,29,profile,leader_group_replaced,45,4
discovery,29,profile,leader_group_replaced,46,5
discovery,29,profile,leader_group_replaced,47,5
discovery,29,profile,leader_group_replaced,48,5
discovery,29,profile,leader_group_replaced,49,5
discovery,29,profile,leader_group_replaced,50,4
discovery,29,profile,leader_group_replaced,51,5
discovery,29,profile,leader_group_replaced,52,5
discovery,29,profile,leader_group_replaced,53,5
discovery,29,profile,leader_group_replaced,54,5
discovery,29,profile,leader_group_replaced,55,4
discovery,29,profile,leader_group_replaced,56,5
discovery,29,profile,leader_group_replaced,57,5
discovery,29,profile,leader_group_replaced,58,5
discovery,29,profile,leader_group_replaced,59,5
discovery,29,profile,wrong_to_correct,6,5
discovery,29,profile,wrong_to_correct,8,1
discovery,29,profile,wrong_to_correct,9,4
intervention,17,point,leader_group_replaced,1,1485
intervention,17,point,leader_group_replaced,2,1292
intervention,17,point,leader_group_replaced,3,1326
intervention,17,point,leader_group_replaced,4,1130
intervention,17,point,leader_group_replaced,5,1538
intervention,17,point,leader_group_replaced,6,1033
intervention,17,point,leader_group_replaced,7,1637
intervention,17,point,leader_group_replaced,8,1762
intervention,17,point,leader_group_replaced,9,1086
intervention,17,point,leader_group_replaced,10,158
intervention,17,point,leader_group_replaced,11,18
intervention,17,point,leader_group_replaced,12,1
intervention,17,point,wrong_to_correct,8,1440
intervention,17,point,wrong_to_correct,9,1038
intervention,17,point,wrong_to_correct,10,147
intervention,17,point,wrong_to_correct,11,16
intervention,17,point,wrong_to_correct,12,1
intervention,17,profile,leader_group_replaced,1,120
intervention,17,profile,leader_group_replaced,2,65
intervention,17,profile,leader_group_replaced,3,60
intervention,17,profile,leader_group_replaced,4,56
intervention,17,profile,leader_group_replaced,5,92
intervention,17,profile,leader_group_replaced,6,51
intervention,17,profile,leader_group_replaced,7,89
intervention,17,profile,leader_group_replaced,8,116
intervention,17,profile,leader_group_replaced,9,77
intervention,17,profile,leader_group_replaced,10,11
intervention,17,profile,leader_group_replaced,11,1
intervention,17,profile,wrong_to_correct,8,93
intervention,17,profile,wrong_to_correct,9,64
intervention,17,profile,wrong_to_correct,10,8
intervention,17,profile,wrong_to_correct,11,1
intervention,23,point,leader_group_replaced,1,956
intervention,23,point,leader_group_replaced,2,932
intervention,23,point,leader_group_replaced,3,1020
intervention,23,point,leader_group_replaced,4,806
intervention,23,point,leader_group_replaced,5,773
intervention,23,point,leader_group_replaced,6,1021
intervention,23,point,leader_group_replaced,7,943
intervention,23,point,leader_group_replaced,8,1188
intervention,23,point,leader_group_replaced,9,1216
intervention,23,point,leader_group_replaced,10,161
intervention,23,point,leader_group_replaced,11,28
intervention,23,point,wrong_to_correct,8,790
intervention,23,point,wrong_to_correct,9,1166
intervention,23,point,wrong_to_correct,10,156
intervention,23,point,wrong_to_correct,11,25
intervention,23,profile,leader_group_replaced,1,49
intervention,23,profile,leader_group_replaced,2,51
intervention,23,profile,leader_group_replaced,3,36
intervention,23,profile,leader_group_replaced,4,25
intervention,23,profile,leader_group_replaced,5,36
intervention,23,profile,leader_group_replaced,6,37
intervention,23,profile,leader_group_replaced,7,33
intervention,23,profile,leader_group_replaced,8,54
intervention,23,profile,leader_group_replaced,9,61
intervention,23,profile,leader_group_replaced,10,7
intervention,23,profile,leader_group_replaced,11,1
intervention,23,profile,wrong_to_correct,8,37
intervention,23,profile,wrong_to_correct,9,54
intervention,23,profile,wrong_to_correct,10,5
intervention,23,profile,wrong_to_correct,11,1
operator,17,point,leader_group_replaced,6,68
operator,17,point,leader_group_replaced,9,459
operator,17,point,wrong_to_correct,9,459
operator,17,profile,leader_group_replaced,6,4
operator,17,profile,leader_group_replaced,9,27
operator,17,profile,wrong_to_correct,9,27
operator,23,point,leader_group_replaced,1,138
operator,23,point,leader_group_replaced,3,138
operator,23,point,leader_group_replaced,7,115
operator,23,point,leader_group_replaced,9,897
operator,23,point,leader_group_replaced,10,322
operator,23,point,wrong_to_correct,9,897
operator,23,point,wrong_to_correct,10,322
operator,23,profile,leader_group_replaced,1,6
operator,23,profile,leader_group_replaced,3,6
operator,23,profile,leader_group_replaced,7,5
operator,23,profile,leader_group_replaced,9,39
operator,23,profile,leader_group_replaced,10,14
operator,23,profile,wrong_to_correct,9,39
operator,23,profile,wrong_to_correct,10,14
probe,17,point,leader_group_replaced,3,34
probe,17,point,leader_group_replaced,4,85
probe,17,point,leader_group_replaced,5,204
probe,17,profile,leader_group_replaced,3,2
probe,17,profile,leader_group_replaced,4,5
probe,17,profile,leader_group_replaced,5,12
probe,29,point,leader_group_replaced,5,29
probe,29,profile,leader_group_replaced,5,1
