phase,p,variant,runs,horizon,point_runs_with_leader_replacements,point_events_leader_replacements,point_runs_with_correctness_flips,point_events_correctness_flips,point_runs_with_correct_to_wrong,point_events_correct_to_wrong,point_runs_with_wrong_to_correct,point_events_wrong_to_correct,point_last_leader_replacement,point_last_correctness_flip,profile_runs_with_leader_replacements,profile_events_leader_replacements,profile_runs_with_correctness_flips,profile_events_correctness_flips,profile_runs_with_correct_to_wrong,profile_events_correct_to_wrong,profile_runs_with_wrong_to_correct,profile_events_wrong_to_correct,profile_last_leader_replacement,profile_last_correctness_flip
boundary,17,bw15,10,59,10,411,7,89,0,0,7,89,12,12,9,29,6,6,0,0,6,6,11,11
boundary,17,bw20,10,59,10,458,8,95,0,0,8,95,11,11,9,29,6,6,0,0,6,6,9,9
boundary,17,bw30,10,59,10,563,10,106,0,0,10,106,11,11,10,34,6,6,0,0,6,6,9,9
boundary,17,eps001,10,59,10,518,10,102,0,0,10,102,12,12,9,32,6,6,0,0,6,6,10,10
boundary,17,eps03,10,59,10,473,10,113,1,3,10,110,11,11,9,28,6,6,0,0,6,6,8,7
boundary,17,paper,10,59,10,380,7,79,0,0,7,79,15,15,9,22,5,5,0,0,5,5,11,11
boundary,17,paper_uncentered,10,59,10,390,5,56,0,0,5,56,14,14,9,23,4,4,0,0,4,4,16,16
boundary,17,uncentered,10,59,10,619,6,88,0,0,6,88,18,18,10,34,6,6,0,0,6,6,14,14
boundary,23,bw15,10,59,10,634,8,164,0,0,8,164,12,12,9,23,8,8,0,0,8,8,11,11
boundary,23,bw20,10,59,10,684,9,188,0,0,9,188,12,12,9,22,8,8,0,0,8,8,10,10
boundary,23,bw30,10,59,10,752,9,195,0,0,9,195,11,11,10,28,9,9,0,0,9,9,10,10
boundary,23,eps001,10,59,10,731,9,191,0,0,9,191,12,12,10,25,9,9,0,0,9,9,12,12
boundary,23,eps03,10,59,10,686,10,240,2,24,10,216,10,10,10,26,10,11,1,1,10,10,8,8
boundary,23,paper,10,59,10,584,8,133,0,0,8,133,14,14,9,24,7,7,0,0,7,7,14,14
boundary,23,paper_uncentered,10,59,10,622,7,112,0,0,7,112,15,15,9,21,6,6,0,0,6,6,13,13
boundary,23,uncentered,10,59,10,780,9,171,0,0,9,171,15,15,10,31,8,8,0,0,8,8,13,13
confirmation,17,cross,50,59,50,2731,47,666,0,0,47,666,12,12,49,155,41,41,0,0,41,41,10,10
confirmation,23,cross,30,59,30,2299,27,588,0,0,27,588,11,11,30,98,27,27,0,0,27,27,10,10
discovery,17,circ,5,59,4,68,3,51,0,0,3,51,7,7,4,4,3,3,0,0,3,3,7,7
discovery,17,cross,45,59,45,2366,38,525,0,0,38,525,12,12,44,132,33,33,0,0,33,33,9,9
discovery,17,diag,5,59,5,227,5,5,0,0,5,5,11,11,5,219,0,0,0,0,0,0,59,
discovery,17,none,1,59,0,0,0,0,0,0,0,0,,,0,0,0,0,0,0,0,0,,
discovery,17,residual,5,59,5,209,3,3,0,0,3,3,10,10,5,19,0,0,0,0,0,0,10,
discovery,29,circ,5,59,5,203,5,145,0,0,5,145,6,6,5,7,5,5,0,0,5,5,6,6
discovery,29,cross,5,59,5,481,5,145,0,0,5,145,9,9,5,20,5,5,0,0,5,5,9,9
discovery,29,diag,5,59,5,409,5,5,0,0,5,5,12,12,5,242,0,0,0,0,0,0,59,
discovery,29,none,1,59,0,0,0,0,0,0,0,0,,,0,0,0,0,0,0,0,0,,
discovery,29,residual,5,59,5,299,2,2,0,0,2,2,12,12,4,18,0,0,0,0,0,0,10,
intervention,17,phase_best,20,59,20,1226,20,328,0,0,20,328,10,10,20,75,20,20,0,0,20,20,10,10
intervention,17,phase_best_control0,20,59,20,1076,19,272,0,0,19,272,10,10,20,63,17,17,0,0,17,17,9,9
intervention,17,phase_best_control1,20,59,20,1115,20,259,0,0,20,259,10,10,20,68,17,17,0,0,17,17,10,10
intervention,17,phase_best_control2,20,59,20,1154,20,293,0,0,20,293,11,11,20,71,18,18,0,0,18,18,10,10
intervention,17,phase_worst,20,59,20,797,4,11,0,0,4,11,11,11,16,38,0,0,0,0,0,0,8,
intervention,17,phase_worst_control0,20,59,20,1041,19,239,0,0,19,239,10,10,19,63,16,16,0,0,16,16,10,10
intervention,17,phase_worst_control1,20,59,20,1060,20,246,0,0,20,246,11,11,19,52,16,16,0,0,16,16,10,10
intervention,17,phase_worst_control2,20,59,20,1062,20,256,0,0,20,256,10,10,19,60,17,17,0,0,17,17,11,11
intervention,17,remove,20,59,20,743,12,13,0,0,12,13,11,11,20,79,0,0,0,0,0,0,10,
intervention,17,remove_control0,20,59,20,1030,18,234,0,0,18,234,12,12,19,52,14,14,0,0,14,14,9,9
intervention,17,remove_control1,20,59,20,1089,18,254,0,0,18,254,11,11,20,63,16,16,0,0,16,16,9,9
intervention,17,remove_control2,20,59,20,1073,18,237,0,0,18,237,10,10,19,54,15,15,0,0,15,15,10,10
intervention,23,phase_best,10,59,10,826,10,230,0,0,10,230,9,9,10,35,10,10,0,0,10,10,8,8
intervention,23,phase_best_control0,10,59,10,801,10,222,0,0,10,222,11,11,10,32,10,10,0,0,10,10,9,9
intervention,23,phase_best_control1,10,59,10,828,10,227,0,0,10,227,11,11,10,28,10,10,0,0,10,10,9,9
intervention,23,phase_best_control2,10,59,10,827,10,212,0,0,10,212,11,11,10,38,10,10,0,0,10,10,10,10
intervention,23,phase_worst,10,59,10,615,1,13,0,0,1,13,11,11,9,24,1,1,0,0,1,1,10,10
intervention,23,phase_worst_control0,10,59,10,869,9,206,0,0,9,206,10,10,10,39,9,9,0,0,9,9,9,9
intervention,23,phase_worst_control1,10,59,10,792,10,198,0,0,10,198,11,11,10,36,9,9,0,0,9,9,10,10
intervention,23,phase_worst_control2,10,59,10,826,10,230,0,0,10,230,11,11,10,37,10,10,0,0,10,10,9,9
intervention,23,remove,10,59,10,519,7,8,0,0,7,8,11,11,9,30,0,0,0,0,0,0,10,
intervention,23,remove_control0,10,59,10,740,10,220,0,0,10,220,10,10,10,30,10,10,0,0,10,10,9,9
intervention,23,remove_control1,10,59,10,695,9,194,0,0,9,194,11,11,10,30,9,9,0,0,9,9,10,10
intervention,23,remove_control2,10,59,10,706,9,177,0,0,9,177,11,11,10,31,9,9,0,0,9,9,11,11
operator,17,mode,9,59,0,0,0,0,0,0,0,0,,,0,0,0,0,0,0,0,0,,
operator,17,mode_difference,3,59,3,51,3,51,0,0,3,51,9,9,3,3,3,3,0,0,3,3,9,9
operator,17,mode_pair,28,59,28,476,24,408,0,0,24,408,9,9,28,28,24,24,0,0,24,24,9,9
operator,17,none,1,59,0,0,0,0,0,0,0,0,,,0,0,0,0,0,0,0,0,,
operator,23,mode,12,59,0,0,0,0,0,0,0,0,,,0,0,0,0,0,0,0,0,,
operator,23,mode_difference,3,59,3,69,3,69,0,0,3,69,10,10,3,3,3,3,0,0,3,3,10,10
operator,23,mode_pair,55,59,55,1541,50,1150,0,0,50,1150,10,10,55,67,50,50,0,0,50,50,10,10
operator,23,none,1,59,0,0,0,0,0,0,0,0,,,0,0,0,0,0,0,0,0,,
probe,17,circ,45,5,17,323,0,0,0,0,0,0,5,,17,19,0,0,0,0,0,0,5,
probe,29,circ,5,5,1,29,0,0,0,0,0,0,5,,1,1,0,0,0,0,0,0,5,
