p,seed,signal,predicted_acc,constant_acc,circulant_fraction,frequency_concentration,spectral_fraction,effective_rank,centered_energy_fraction,actual_acc,absolute_error,constant_error,profile_cosine,profile_relative_l2,raw_step5_acc,raw_step10_acc
17,100,0.49645176631737314,0.8869313875967076,0.7102941176470589,0.07881596029675399,0.4124653332294685,0.19184749648427202,8.11440834049492,0.9156193319594249,0.7058823529411765,0.18104903465553113,0.004411764705882337,0.9998279774450147,0.024471051208820194,0.0,0.7058823529411765
17,101,1.6158404297232558,1.0,0.7102941176470589,0.07579667834472077,0.5484758955194446,0.18014394320292018,8.445884707480543,0.8643925764382835,1.0,0.0,0.28970588235294115,0.9999549762889519,0.009674558787309273,0.0,1.0
17,102,0.8885342531078508,0.9656862745098039,0.7102941176470589,0.05009155566423042,0.3322861216281573,0.17799681635739548,8.012590042294738,0.8608913518274495,1.0,0.03431372549019607,0.28970588235294115,0.999953436169204,0.010609458512798911,0.0,1.0
17,103,-0.15818096848498614,0.17647058823529413,0.7102941176470589,0.02580295125140001,0.6494639985287918,0.17155522982632312,8.390221031473146,0.9136833146047048,0.11764705882352941,0.05882352941176472,0.5926470588235294,0.9999728234866126,0.011310144678550307,0.0,0.11764705882352941
17,104,1.013703497528994,0.9656862745098039,0.7102941176470589,0.05965116205273243,0.31638727322185556,0.1754935639351221,8.883556979909491,0.9257910431539064,1.0,0.03431372549019607,0.28970588235294115,0.999970479748479,0.008572004714981131,0.0,1.0
17,105,-0.5714067722320115,0.005787331019337585,0.7102941176470589,0.0037689299158044313,0.8648334991807413,0.18039926327091957,8.581268688294495,0.9406006538943024,0.058823529411764705,0.05303619839242712,0.6514705882352941,0.9985662358990023,0.054194189515145,0.0,0.058823529411764705
17,106,-0.2558068918053747,0.0392156862745098,0.7102941176470589,0.06198342458779351,0.39421112290064725,0.16649472099118545,9.188139675444132,0.8666124229161416,0.058823529411764705,0.0196078431372549,0.6514705882352941,0.9999542221928064,0.018124892724180153,0.0,0.058823529411764705
17,107,-0.7319366950604462,0.0,0.7102941176470589,0.09964707905793581,0.3261132617023044,0.15668712249670103,9.564613781046425,0.8525766541072731,0.058823529411764705,0.058823529411764705,0.6514705882352941,0.9998919978832697,0.01731915164656738,0.0,0.058823529411764705
17,108,1.5179284528567434,1.0,0.7102941176470589,0.10077226624653712,0.4681741852696977,0.19980066366004043,7.992384035442133,0.9433828251453248,1.0,0.0,0.28970588235294115,0.999918200222748,0.014368482536579439,0.0,1.0
17,109,1.9015592430089079,1.0,0.7102941176470589,0.09890941064555109,0.43477395157502896,0.204590183890446,7.471064707365586,0.9288651388220793,1.0,0.0,0.28970588235294115,0.9999648027633411,0.01077380185402296,0.0,1.0
17,110,0.8764968107752744,0.9656862745098039,0.7102941176470589,0.07404905992388008,0.6389992632231828,0.16620094751807274,9.428858796411815,0.8738507896687433,1.0,0.03431372549019607,0.28970588235294115,0.9999940060336389,0.00970375385378213,0.0,1.0
17,111,0.15494923667130892,0.5427051542875836,0.7102941176470589,0.026355240425087155,0.4092262869573698,0.18729938703773252,8.504763342277162,0.9078574037867961,0.47058823529411764,0.07211691899346595,0.2397058823529412,0.9999479156017699,0.01390738248724907,0.0,0.4117647058823529
17,112,2.0484064467479395,1.0,0.7102941176470589,0.07649969101883274,0.4580870227481416,0.17406803755895706,8.399148708187052,0.856787557820877,1.0,0.0,0.28970588235294115,0.9999199747335322,0.01992060143576004,0.0,1.0
17,113,1.4399067475332865,1.0,0.7102941176470589,0.06444306239977125,0.3689071995034191,0.1981131405666554,7.735668156745409,0.8513440949676785,1.0,0.0,0.28970588235294115,0.9999370359687301,0.021073180868122023,0.0,1.0
17,114,-0.14111530744626852,0.17647058823529413,0.7102941176470589,0.053213177353253274,0.4305141138859776,0.17077245497993213,8.33398524811456,0.9257675279071185,0.17647058823529413,0.0,0.5338235294117647,0.9999705059533948,0.009482618849693586,0.0,0.17647058823529413
17,115,0.16600352854814038,0.5848597636524044,0.7102941176470589,0.10092831207151835,0.366949326614848,0.1815396214167371,8.273006276272389,0.8672763855637422,0.6470588235294118,0.06219905987700736,0.06323529411764706,0.999932697524207,0.015468853445314155,0.0,0.6470588235294118
17,116,2.1410991886401405,1.0,0.7102941176470589,0.03631400698467355,0.3492033237770332,0.1680247053025541,8.760127054360671,0.8943366622951103,1.0,0.0,0.28970588235294115,0.99992067589598,0.021870097087617654,0.0,1.0
17,117,0.6368500882255236,0.9176470588235294,0.7102941176470589,0.03706586268551675,0.2970175563223793,0.16366542324174863,9.328443380326709,0.8543993955905047,1.0,0.08235294117647063,0.28970588235294115,0.9999326772279737,0.01350378263194374,0.0,1.0
17,118,1.3462915566501763,0.9670045814422912,0.7102941176470589,0.05628529627469091,0.6553402185621275,0.20859255569372884,7.603118731284733,0.8245972429197538,1.0,0.03299541855770882,0.28970588235294115,0.9999939079115011,0.01108025108673453,0.0,1.0
17,119,1.8584603144300007,1.0,0.7102941176470589,0.025872557559006817,0.33652566859521665,0.17531301255094436,8.62421860533476,0.8242449707184449,1.0,0.0,0.28970588235294115,0.9999017300003183,0.018742956043438546,0.0,1.0
17,120,0.6497323912266034,0.9176470588235294,0.7102941176470589,0.0722814771295465,0.576094065485179,0.18695717369615433,8.467393070744137,0.9259832444181307,1.0,0.08235294117647063,0.28970588235294115,0.9999558063141097,0.00947322877491325,0.0,1.0
17,121,0.8287567260337638,0.9656862745098039,0.7102941176470589,0.05931298950265928,0.5803495753839424,0.14689637388949225,9.575286800646301,0.8612532561099039,1.0,0.03431372549019607,0.28970588235294115,0.9999419757949688,0.01131045149801433,0.0,1.0
17,122,1.2360588799117893,0.9656862745098039,0.7102941176470589,0.11634351512078184,0.4381188881942948,0.17543164494319105,8.449991000814366,0.9456568122857125,1.0,0.03431372549019607,0.28970588235294115,0.9999457805963774,0.021655365560701308,0.0,1.0
17,123,0.6297665947798149,0.9176470588235294,0.7102941176470589,0.04580663729468012,0.3659074507970154,0.19983511469771742,8.201882637503608,0.8703483201089925,0.9411764705882353,0.02352941176470591,0.23088235294117643,0.9998920339953593,0.015798623358846308,0.0,0.9411764705882353
17,124,0.9975556319324954,0.9656862745098039,0.7102941176470589,0.04524311812426752,0.6770863568142753,0.14737340986412722,9.40443961441877,0.9451284306463871,1.0,0.03431372549019607,0.28970588235294115,0.9999685527786817,0.008636825211826992,0.0,1.0
17,125,1.9619729742064953,1.0,0.7102941176470589,0.028213885656575306,0.31130507817792596,0.19364167270277205,7.989391306549927,0.8773595843980784,1.0,0.0,0.28970588235294115,0.9999509451774621,0.01707684816661764,0.0,1.0
17,126,0.4974338515648048,0.8877961367812449,0.7102941176470589,0.032101411407760995,0.5008694719095351,0.18747046494533642,8.095522314160709,0.8329857749966798,1.0,0.11220386321875508,0.28970588235294115,0.9999440934067511,0.01137300703389445,0.0,1.0
17,127,0.8304292839549677,0.9656862745098039,0.7102941176470589,0.0472041131817268,0.26498283867440386,0.17616043783524882,8.197828112780423,0.9179518283818912,0.9411764705882353,0.02450980392156865,0.23088235294117643,0.9997090029318534,0.0250144438135463,0.0,0.9411764705882353
17,128,-0.4982943943031219,0.024447545729229192,0.7102941176470589,0.06641516785182532,0.6269615947327334,0.16987714713085772,8.509405337156574,0.849640016893431,0.0,0.024447545729229192,0.7102941176470589,0.9999809604466202,0.007324565281482841,0.0,0.0
17,129,1.750554797995722,1.0,0.7102941176470589,0.05516395375113465,0.39486886181643,0.1863956253973872,8.574723721078604,0.9062403962761846,1.0,0.0,0.28970588235294115,0.999935875717724,0.01833556671707946,0.0,1.0
17,130,0.07595603125698847,0.3381789497335407,0.7102941176470589,0.04010591386798795,0.2839670754542602,0.16037743381245162,8.816142623696049,0.8635842239034475,0.47058823529411764,0.13240928556057696,0.2397058823529412,0.9997903149285013,0.021928023747078283,0.0,0.47058823529411764
17,131,2.878188210393259,1.0,0.7102941176470589,0.01944585949325402,0.4739998886138685,0.16340771023929382,8.242283680863979,0.9312569571381317,1.0,0.0,0.28970588235294115,0.9996099029030514,0.02819985276221909,0.0,1.0
17,132,0.2909897335606058,0.8529411764705883,0.7102941176470589,0.04306097320584147,0.5246764330854264,0.19370631262664303,7.689446140552273,0.7413871497417441,0.9411764705882353,0.08823529411764697,0.23088235294117643,0.9999951561250994,0.012547696073026025,0.0,0.9411764705882353
17,133,1.5732822825348243,1.0,0.7102941176470589,0.08566830627347281,0.33514305075107664,0.19324863026728378,7.917009401112971,0.9296065331004236,1.0,0.0,0.28970588235294115,0.999961399599294,0.009227591637401618,0.0,1.0
17,134,1.2740424339992713,0.9656862745098039,0.7102941176470589,0.02843075957998417,0.32599300533389863,0.18084916880185722,8.584251924075081,0.9029447762501734,1.0,0.03431372549019607,0.28970588235294115,0.9996094695856845,0.03121584297487133,0.0,1.0
17,135,0.9379988044664559,0.9656862745098039,0.7102941176470589,0.057272954686841036,0.3488447969327391,0.19227531608279397,7.872905921649569,0.8430880756771826,1.0,0.03431372549019607,0.28970588235294115,0.999968785229533,0.012538560869605189,0.0,1.0
17,136,2.006689591773609,1.0,0.7102941176470589,0.08941521632265872,0.4159414543549428,0.223336533567794,7.26239103998026,0.874430096689526,1.0,0.0,0.28970588235294115,0.99984944693632,0.018334336052347588,0.0,1.0
17,137,1.2290552312853251,0.9656862745098039,0.7102941176470589,0.05927844669187146,0.22465505552593143,0.1743136960865181,8.330667300718764,0.9097685386576944,1.0,0.03431372549019607,0.28970588235294115,0.9998445326472426,0.017635747294118834,0.0,1.0
17,138,0.39610821963097875,0.8529411764705883,0.7102941176470589,0.03321335539212984,0.3182569472946516,0.1546733972932219,9.780967795628495,0.9064186554051792,0.6470588235294118,0.20588235294117652,0.06323529411764706,0.9999861273062278,0.010595063567285673,0.0,0.6470588235294118
17,139,1.9163820095641404,1.0,0.7102941176470589,0.09392143908950569,0.26990311775269443,0.18722653151561142,8.473272214210635,0.8999735285978506,1.0,0.0,0.28970588235294115,0.9999286306101008,0.014672075912602878,0.0,1.0
17,140,0.1961847343224538,0.699953245329146,0.7102941176470589,0.08959722523869135,0.3243132403276194,0.17406534769727613,9.039940997526868,0.8893350734851042,0.7058823529411765,0.005929107612030471,0.004411764705882337,0.9999476665280775,0.01528183737324621,0.0,0.7058823529411765
17,141,0.5940854531398512,0.9176470588235294,0.7102941176470589,0.08646233926183099,0.3348339104301024,0.18727528179615255,8.183451395638949,0.7805133610017615,0.9411764705882353,0.02352941176470591,0.23088235294117643,0.9997863131489596,0.021213669697046526,0.0,0.9411764705882353
17,142,0.4946561014938625,0.8853502624388927,0.7102941176470589,0.1269410744716681,0.5774428971843,0.18971950284408245,8.136493188862934,0.9253762688071718,1.0,0.1146497375611073,0.28970588235294115,0.9999405965460033,0.011686075445667183,0.0,1.0
17,143,-0.2189739642007274,0.0392156862745098,0.7102941176470589,0.0657647651532707,0.580115938050924,0.1911296653353229,7.902858838963668,0.8457435686176924,0.0,0.0392156862745098,0.7102941176470589,0.9999559652900059,0.009554787707078134,0.0,0.0
17,144,0.8001351820577841,0.9656862745098039,0.7102941176470589,0.04382898915752534,0.5599428681730799,0.16868246742127588,8.635660279016584,0.9392694737839956,1.0,0.03431372549019607,0.28970588235294115,0.9999956559512927,0.010044350493332738,0.0,1.0
17,145,-1.044692537193753,0.0,0.7102941176470589,0.09570627431692857,0.5453262842003904,0.1887741470725941,8.229150842919882,0.9099353878159366,0.0,0.0,0.7102941176470589,0.9998761487438304,0.018619276674507856,0.0,0.0
17,146,0.5872045023651203,0.9176470588235294,0.7102941176470589,0.10484257926933477,0.35033221942491105,0.17855840341550303,8.204447856573513,0.8823942535199868,1.0,0.08235294117647063,0.28970588235294115,0.9999609770527874,0.019183202005877642,0.0,1.0
17,147,0.0026064226299807617,0.17647058823529413,0.7102941176470589,0.020256654704553373,0.549776735404419,0.188185043547399,8.191414762860475,0.8810806625747727,0.29411764705882354,0.11764705882352941,0.4161764705882353,0.9998343616003745,0.01826813905327878,0.0,0.29411764705882354
17,148,1.51568988252534,1.0,0.7102941176470589,0.0250968198373202,0.4553579254463916,0.16218659488311576,9.677134203177813,0.8610343854337208,1.0,0.0,0.28970588235294115,0.9999252306981146,0.012247524310517595,0.0,1.0
17,149,0.6763742084620132,0.9294623405937834,0.7102941176470589,0.03853734408654246,0.5717465856072705,0.14897568466094413,9.196165621221079,0.8925610399680336,1.0,0.07053765940621659,0.28970588235294115,0.9999580301947205,0.013143713089902987,0.0,1.0
23,100,1.5261462883960164,1.0,0.7102941176470589,0.05240278615885068,0.26566734911690815,0.14952845154832703,10.974645058882603,0.897943360389654,1.0,0.0,0.28970588235294115,0.9992735973801893,0.04130588340046337,0.0,1.0
23,101,1.5765043791365951,1.0,0.7102941176470589,0.0464020425682002,0.25496046924669014,0.15083995677187703,10.686105222111934,0.9492927428795703,1.0,0.0,0.28970588235294115,0.9981116534211489,0.07096514528507676,0.0,1.0
23,102,-0.030245133068455637,0.17647058823529413,0.7102941176470589,0.04082287705165535,0.3217028722087673,0.13734696328880142,12.074089051478975,0.9168326654103807,0.34782608695652173,0.1713554987212276,0.3624680306905371,0.9996992702237543,0.03876419808092661,0.0,0.30434782608695654
23,103,0.8902628650424332,0.9656862745098039,0.7102941176470589,0.03025140818015895,0.3461175697255501,0.1522807279200666,10.249529642117606,0.8912388082531613,1.0,0.03431372549019607,0.28970588235294115,0.9990436662873011,0.06948996314781035,0.0,1.0
23,104,0.6566907897763453,0.9199519252449049,0.7102941176470589,0.01985884970126897,0.2270015034963069,0.15410562854003682,10.435242071345717,0.9192744104919808,0.9565217391304348,0.036569813885529934,0.24622762148337596,0.9995161117177432,0.05726724382927385,0.0,0.9565217391304348
23,105,-0.5598087375057844,0.008747456573107323,0.7102941176470589,0.04360375176771844,0.45519935051697824,0.15178395538398945,11.087882477333494,0.9290421117548315,0.0,0.008747456573107323,0.7102941176470589,0.9995949900427565,0.03646955270591079,0.0,0.0
23,106,1.3033803250700489,0.9656862745098039,0.7102941176470589,0.040381566880318374,0.4370778967730526,0.1306983001008995,11.707969963397055,0.8861493058313973,1.0,0.03431372549019607,0.28970588235294115,0.9994732035548523,0.034939232365396054,0.0,1.0
23,107,0.7586514858606215,0.9656862745098039,0.7102941176470589,0.0431634008282046,0.38406626504700625,0.12901221845106703,11.382950073029553,0.9094079615943975,1.0,0.03431372549019607,0.28970588235294115,0.9995916017099111,0.030201878391113927,0.0,1.0
23,108,0.30219360587724836,0.8529411764705883,0.7102941176470589,0.07625963739374399,0.2919471188992798,0.14310794116769726,11.71519423404539,0.9505057085098814,1.0,0.1470588235294117,0.28970588235294115,0.9993149112861461,0.03740879607258545,0.0,1.0
23,109,1.5469733781212378,1.0,0.7102941176470589,0.06300362150120144,0.32840292482383004,0.14067667549087845,10.510596977319178,0.9458010560434538,1.0,0.0,0.28970588235294115,0.9995498714267205,0.04064268669069894,0.0,1.0
23,110,1.442319238385722,1.0,0.7102941176470589,0.04685252689937293,0.4045570525065457,0.13326887239185609,11.37565985251203,0.9311927522860736,1.0,0.0,0.28970588235294115,0.9996267159202494,0.027495181110819597,0.0,1.0
23,111,0.4269815690524314,0.8529411764705883,0.7102941176470589,0.0314297658457133,0.47188174572267044,0.1367388622041985,11.53626525722971,0.838866929296804,1.0,0.1470588235294117,0.28970588235294115,0.9991289581768809,0.06058346267154056,0.0,1.0
23,112,0.3893060150924351,0.8529411764705883,0.7102941176470589,0.056819251393544226,0.4593660900784236,0.13188873480325367,12.334297634693414,0.9287632875566496,1.0,0.1470588235294117,0.28970588235294115,0.9996532971751853,0.03646116006023993,0.0,1.0
23,113,0.826099214375265,0.9656862745098039,0.7102941176470589,0.02897593064104871,0.22740504227954292,0.15356079974174547,10.506358126092776,0.906017470286959,1.0,0.03431372549019607,0.28970588235294115,0.9989100538250142,0.04710077735937677,0.0,1.0
23,114,1.5582304272501177,1.0,0.7102941176470589,0.06602134274621604,0.48064098756304713,0.14762086049905163,11.521990715956639,0.9351011247357375,1.0,0.0,0.28970588235294115,0.9999586400384658,0.03480872717586292,0.0,1.0
23,115,0.7449057446676554,0.962574646145,0.7102941176470589,0.02440158555337469,0.3418027169157195,0.1627751203674071,10.274111008879164,0.9039539758865591,1.0,0.03742535385500001,0.28970588235294115,0.9993298246217156,0.04797754506405518,0.0,1.0
23,116,1.560153134621709,1.0,0.7102941176470589,0.07943018719077637,0.30256684204012585,0.1547098138212173,11.437051989057599,0.9187619372331028,1.0,0.0,0.28970588235294115,0.9989229362573787,0.05319939466847544,0.0,1.0
23,117,1.2053726156429379,0.9656862745098039,0.7102941176470589,0.04221763180248839,0.33357989848390857,0.15529165360983058,10.71806593672366,0.870746827483906,1.0,0.03431372549019607,0.28970588235294115,0.99942606030402,0.04199088834055732,0.0,1.0
23,118,2.5841047777899915,1.0,0.7102941176470589,0.03342285944846249,0.29833293484392376,0.14170220481240903,11.064507788369365,0.938563846524618,1.0,0.0,0.28970588235294115,0.99932485427533,0.03737537341231221,0.0,1.0
23,119,0.8249635718970684,0.9656862745098039,0.7102941176470589,0.055299787215830655,0.4909676821776227,0.13590684259382013,12.141357460354087,0.9148938601291169,1.0,0.03431372549019607,0.28970588235294115,0.9997463593858846,0.022578973022420852,0.0,1.0
23,120,1.3012540867183282,0.9656862745098039,0.7102941176470589,0.06551857791306227,0.38407585645317427,0.14003130677283726,11.284523188568132,0.903275971639655,1.0,0.03431372549019607,0.28970588235294115,0.9999525901659625,0.030430919303718395,0.0,1.0
23,121,0.31935609215057353,0.8529411764705883,0.7102941176470589,0.061647196204760515,0.2797141000981968,0.13984674012499423,11.51281681257336,0.8966232288021123,0.9565217391304348,0.1035805626598465,0.24622762148337596,0.9980399697213244,0.07511552463856547,0.0,0.9130434782608695
23,122,1.520204897994541,1.0,0.7102941176470589,0.06279949858130326,0.5110935294218923,0.13587719413142849,11.416517546398792,0.8911236672999455,1.0,0.0,0.28970588235294115,0.9999436957726497,0.032685314099891664,0.0,1.0
23,123,0.10451077786000786,0.40652867302668916,0.7102941176470589,0.022405001936637425,0.32426375965549703,0.13887359126134421,11.236308278867943,0.9256453058788318,0.6086956521739131,0.20216697914722392,0.10159846547314577,0.9998705216284889,0.06098363223578468,0.0,0.5217391304347826
23,124,-0.3041978176275794,0.0392156862745098,0.7102941176470589,0.05483495459786906,0.3229338407210279,0.12912324894226943,12.804541918886317,0.9108996100135438,0.0,0.0392156862745098,0.7102941176470589,0.9976491060297635,0.0809575900816737,0.0,0.0
23,125,0.11983023857250527,0.4431979145806919,0.7102941176470589,0.04102694160708517,0.5432622845635645,0.1299479020464874,11.90204987411886,0.9163962083831689,0.7391304347826086,0.29593252020191674,0.028836317135549794,0.9998526595197874,0.01946698836482926,0.0,0.6521739130434783
23,126,0.1592929050902474,0.5592693673055544,0.7102941176470589,0.07972669695205267,0.4622246328322587,0.13404905068386547,11.544480729410514,0.937861404729781,0.9565217391304348,0.3972523718248804,0.24622762148337596,0.9990125668878085,0.04510804302080867,0.0,0.9565217391304348
23,127,-1.0272370868470406,0.0,0.7102941176470589,0.032329103150535145,0.615413157441651,0.1375630043316818,11.261235839754464,0.932233903269698,0.0,0.0,0.7102941176470589,0.9992499461712566,0.06126842648391763,0.0,0.0
23,128,1.8672371681670825,1.0,0.7102941176470589,0.02469631161708703,0.37486629288651246,0.11884778128241216,12.283899376099663,0.9364523060081953,1.0,0.0,0.28970588235294115,0.9984447939184043,0.07989063531707395,0.0,1.0
23,129,1.7029300175009745,1.0,0.7102941176470589,0.03254065213646941,0.40117504818645944,0.16832134989640085,9.98543822737306,0.9010172796024103,1.0,0.0,0.28970588235294115,0.9992020423355764,0.04231570954926945,0.0,1.0
