p,seed,actual_acc,predicted_acc,accuracy_error_pp,error_test_quanta,observed_profile_margin,predicted_profile_margin,observed_normalized_profile_margin,predicted_normalized_profile_margin,mean_pointwise_margin,profile_rms,profile_margin_error
17,100,0.7058823529411765,0.8869313875967076,18.104903465553114,3.077833589144029,0.00041312289491148013,0.0004192234769148424,0.4813336644544582,0.4964517663173723,0.00018591173276257631,0.0008582879723979251,6.100582003362265e-06
17,101,1.0,1.0,0.0,0.0,0.0029697273274993663,0.0029784498158456274,1.614072134188736,1.6158404297232558,0.0026913876185322345,0.001839897526631924,8.722488346261069e-06
17,102,1.0,0.9656862745098039,3.4313725490196068,0.5833333333333331,0.0007229341451184673,0.0007306883872132692,0.8829395363337199,0.8885342531078506,0.0005377957846259135,0.0008187810324140065,7.754242094801895e-06
17,103,0.11764705882352941,0.17647058823529413,5.882352941176472,1.0000000000000002,-8.714128776610153e-05,-8.2522055808338e-05,-0.1655980411084638,-0.15818096848498628,-0.00017425313057245728,0.0005262217305398288,4.619231957763521e-06
17,104,1.0,0.9656862745098039,3.4313725490196068,0.5833333333333331,0.0011347413971044967,0.0011048014000582733,1.0371876018351018,1.0137034975289938,0.0009567126112784095,0.0010940560753877047,-2.9939997046223455e-05
17,105,0.058823529411764705,0.005787331019337585,5.303619839242712,0.901615372671261,-8.052626524976403e-05,-6.267683100519614e-05,-0.7392917001632656,-0.5714067722320115,-0.00011707951308259797,0.00010892353482661926,1.7849434244567887e-05
17,106,0.058823529411764705,0.0392156862745098,1.9607843137254901,0.3333333333333333,-0.0002004263436671816,-0.0001964918261889297,-0.2569005801801205,-0.255806891805374,-0.00036605970336713603,0.0007801708486865107,3.934517478251906e-06
17,107,0.058823529411764705,0.0,5.88235294117647,1.0,-0.0005991401192875778,-0.0006390105725204449,-0.6799058159969061,-0.7319366950604461,-0.0007939244722173745,0.0008812104635538287,-3.9870453232867045e-05
17,108,1.0,1.0,0.0,0.0,0.0021614550913895414,0.0021184047019151097,1.5385097196634159,1.5179284528567432,0.002009574995058051,0.0014049018109956492,-4.3050389474431645e-05
17,109,1.0,1.0,0.0,0.0,0.0037106101255938856,0.003705223903187961,1.8913855120268845,1.9015592430089079,0.0035165132913535253,0.0019618475990214428,-5.3862224059244256e-06
17,110,1.0,0.9656862745098039,3.4313725490196068,0.5833333333333331,0.0017209640510702923,0.0017179676806537794,0.8859796143976647,0.8764968107752744,0.0016079251510754799,0.001942442041671911,-2.9963704165129022e-06
17,111,0.47058823529411764,0.5427051542875836,7.2116918993465955,1.2259876228889213,5.04632659798776e-05,5.932134457769568e-05,0.13055954024342,0.15494923667130808,-7.302899728933558e-05,0.0003865153468355666,8.858078597818076e-06
17,112,1.0,1.0,0.0,0.0,0.0015626667971219005,0.0015495890286906476,2.0337420711557446,2.048406446747939,0.0014446827739485575,0.0007683701976199277,-1.3077768431252884e-05
17,113,1.0,1.0,0.0,0.0,0.001577157323389422,0.0016500641284778045,1.4007475896316892,1.4399067475332865,0.001428096929286773,0.0011259397018160266,7.290680508838243e-05
17,114,0.17647058823529413,0.17647058823529413,0.0,0.0,-0.00017210477648164912,-0.00016658561338600076,-0.146597159536008,-0.14111530744626852,-0.0002649185559417971,0.0011739980298825353,5.519163095648368e-06
17,115,0.6470588235294118,0.5848597636524044,6.219905987700736,1.0573840179091252,0.000250292788096268,0.00019261316749244342,0.21349305300265872,0.16600352854814066,0.00011280469769192451,0.001172369707473109,-5.767962060382456e-05
17,116,1.0,1.0,0.0,0.0,0.0008282697201371092,0.000818408950074863,2.127982798127781,2.141099188640141,0.0007326869750954835,0.0003892276389009481,-9.860770062246164e-06
17,117,1.0,0.9176470588235294,8.235294117647063,1.4000000000000008,0.00041791260533793895,0.0004061205670606999,0.6507707680711724,0.6368500882255229,0.0003357702394712573,0.0006421809734579741,-1.179203827723907e-05
17,118,1.0,0.9670045814422912,3.299541855770882,0.56092211548105,0.0017132715835423695,0.0017129810997906444,1.3323515516082656,1.3462915566501763,0.0016109983374443337,0.0012859005428967302,-2.9048375172510514e-07
17,119,1.0,1.0,0.0,0.0,0.0008931507451923615,0.0009326155992470345,1.801784181888923,1.8584603144300005,0.0007889042991517969,0.0004957035110919975,3.9464854054673025e-05
17,120,1.0,0.9176470588235294,8.235294117647063,1.4000000000000008,0.001175339753756291,0.0012002343754181632,0.6354867900406086,0.6497323912266035,0.001023351365570115,0.0018495109138007178,2.4894621661872285e-05
17,121,1.0,0.9656862745098039,3.4313725490196068,0.5833333333333331,0.0008517471959505751,0.0008577821363319861,0.8257148063217332,0.8287567260337634,0.000668445366626678,0.0010315270955898283,6.0349403814110095e-06
17,122,1.0,0.9656862745098039,3.4313725490196068,0.5833333333333331,0.0027114950146857886,0.0027658317608624237,1.234718308824924,1.2360588799117893,0.0025456966279186442,0.002196043417600494,5.433674617663512e-05
17,123,0.9411764705882353,0.9176470588235294,2.352941176470591,0.40000000000000047,0.0003356655139133691,0.00034928934545733,0.6016255046153197,0.6297665947798143,0.0002273742039592718,0.0005579309908545086,1.3623831543960901e-05
17,124,1.0,0.9656862745098039,3.4313725490196068,0.5833333333333331,0.0009214106238516762,0.0009332374718900642,0.9882518216313655,0.9975556319324956,0.0006701415987992683,0.0009323642048346031,1.182684803838804e-05
17,125,1.0,1.0,0.0,0.0,0.001170004015767362,0.0011616719651356667,1.9484597701848554,1.9619729742064955,0.001086118006556112,0.0006004763524865389,-8.332050631695235e-06
17,126,1.0,0.8877961367812449,11.220386321875509,1.9074656747188365,0.0003671957449176977,0.0003731964138828654,0.487358675995897,0.49743385156480485,0.0002946457426937589,0.0007534404597750283,6.000668965167695e-06
17,127,0.9411764705882353,0.9656862745098039,2.450980392156865,0.4166666666666671,0.0004956399603802397,0.000492135212636679,0.8416356923636743,0.8304292839549684,0.0004071411948359184,0.0005889008330769218,-3.5047477435607398e-06
17,128,0.0,0.024447545729229192,2.4447545729229194,0.41560827739689626,-0.000733410655184813,-0.0007409739206082429,-0.49514499005720364,-0.49829439430312206,-0.0008536148487749197,0.0014812038290038696,-7.563265423429907e-06
17,129,1.0,1.0,0.0,0.0,0.0017461675319722092,0.001814977280210984,1.708366142036774,1.7505547979957208,0.0015344814256467451,0.0010221272179337195,6.880974823877473e-05
17,130,0.47058823529411764,0.3381789497335407,13.240928556057696,2.2509578545298083,4.212595165276056e-05,3.7518601280637316e-05,0.08459680734284826,0.07595603125698847,-6.005096417189369e-05,0.0004979614831329903,-4.607350372123247e-06
17,131,1.0,1.0,0.0,0.0,0.0006644507887375445,0.000676915424725707,2.8350983905142604,2.8781882103932586,0.0005460233340627163,0.00023436604209599207,1.2464635988162533e-05
17,132,0.9411764705882353,0.8529411764705883,8.823529411764696,1.4999999999999984,0.0002888763864060673,0.0002929487290354506,0.2834552689611578,0.2909897335606059,0.0001993174583263731,0.0010191251249792514,4.072342629383345e-06
17,133,1.0,1.0,0.0,0.0,0.0029901845295493,0.002981351573179648,1.573433705282045,1.573282282534825,0.0028550490826959947,0.0019004197758769228,-8.832956369652159e-06
17,134,1.0,0.9656862745098039,3.4313725490196068,0.5833333333333331,0.00039069295731158915,0.0004312238140991875,1.1699015993557094,1.274042433999272,0.0002964568545370111,0.0003339536910854318,4.053085678759833e-05
17,135,1.0,0.9656862745098039,3.4313725490196068,0.5833333333333331,0.001030425687839731,0.001035342653283235,0.9244261424939284,0.9379988044664562,0.0008065640279040237,0.0011146652398425641,4.916965443503996e-06
17,136,1.0,1.0,0.0,0.0,0.0033028537579086886,0.0033511941382744666,1.9891569458524374,2.006689591773609,0.003156971817218307,0.00166042893940341,4.834038036577795e-05
17,137,1.0,0.9656862745098039,3.4313725490196068,0.5833333333333331,0.0014377146769349175,0.0014940454712064168,1.182922191711752,1.2290552312853245,0.001248407393854233,0.0012153924298727264,5.633079427149932e-05
17,138,0.6470588235294118,0.8529411764705883,20.588235294117652,3.500000000000001,0.00023795331967950417,0.00024041994304470262,0.3884348107477831,0.3961082196309785,0.00012810897150845063,0.0006125952491781461,2.466623365198449e-06
17,139,1.0,1.0,0.0,0.0,0.0024497162539538347,0.002432183934349419,1.9136193082298951,1.91638200956414,0.002298538793242303,0.0012801481691882756,-1.753231960441564e-05
17,140,0.7058823529411765,0.699953245329146,0.5929107612030471,0.100794829404518,0.00025558869330938316,0.0002423023882180803,0.20458218314857632,0.19618473432245342,0.00013746528083404477,0.001249320392302998,-1.3286305091302856e-05
17,141,0.9411764705882353,0.9176470588235294,2.352941176470591,0.40000000000000047,0.0006599860585576045,0.0006568042733814605,0.5939921576809318,0.594085453139851,0.0004931977956600786,0.0011111023100613424,-3.1817851761440415e-06
17,142,1.0,0.8853502624388927,11.46497375611073,1.9490455385388241,0.0010834144544982355,0.001061620063769531,0.5069085565326983,0.4946561014938625,0.0008515841032843435,0.0021372976260430306,-2.1794390728704493e-05
17,143,0.0,0.0392156862745098,3.9215686274509802,0.6666666666666666,-0.0002634049172476616,-0.0002515281476340044,-0.2288915751340876,-0.21897396420072748,-0.0005187605203915824,0.0011507846765148766,1.1876769613657166e-05
17,144,1.0,0.9656862745098039,3.4313725490196068,0.5833333333333331,0.0007756837485136114,0.0007752729108857811,0.7928686438247181,0.8001351820577828,0.0006897143510088688,0.0009783256716671144,-4.1083762783032836e-07
17,145,0.0,0.0,0.0,0.0,-0.0009230710762984928,-0.0009412298241260726,-1.0346043586132214,-1.0446925371937532,-0.000985951062315556,0.0008921971656254886,-1.8158747827579807e-05
17,146,1.0,0.9176470588235294,8.235294117647063,1.4000000000000008,0.0011845472749400787,0.0012250537312919097,0.5774346741151786,0.5872045023651205,0.0010487251113834902,0.0020513961631334282,4.050645635183094e-05
17,147,0.29411764705882354,0.17647058823529413,11.76470588235294,2.0,-9.100353622060187e-07,5.452293166211008e-07,-0.0043564712614478,0.0026064226299810376,-8.744567992155913e-05,0.0002088927729787396,1.4552646788271195e-06
17,148,1.0,1.0,0.0,0.0,0.000858567024132742,0.0008649673901203808,1.5033318366295836,1.5156898825253406,0.0007966687510014983,0.000571109453823328,6.400365987638788e-06
17,149,1.0,0.9294623405937834,7.053765940621659,1.199140209905682,0.0005218963091402351,0.0005525153702004299,0.6448855441435629,0.6763742084620131,0.00040229144886543244,0.0008092851729733482,3.0619061060194836e-05
23,100,1.0,1.0,0.0,0.0,0.00259095391335748,0.0024666666478251587,1.5763361483039708,1.5261462883960164,0.0024620367750019935,0.0016436557114706582,-0.00012428726553232123
23,101,1.0,1.0,0.0,0.0,0.0017048149000579438,0.0016570362749964715,1.5612574600477576,1.5765043791365962,0.0016305650053902623,0.001091949882504193,-4.7778625061472256e-05
23,102,0.34782608695652173,0.17647058823529413,17.13554987212276,3.9411764705882346,4.701120016072785e-05,-3.983328954569468e-05,0.03461290724917367,-0.030245133068455436,-7.523195326754872e-05,0.0013581985420149927,-8.684448970642253e-05
23,103,1.0,0.9656862745098039,3.4313725490196068,0.7892156862745096,0.0005512167669600027,0.0004832374078936139,0.9596819318053124,0.8902628650424336,0.000446858816237222,0.000574374434582797,-6.797935906638873e-05
23,104,0.9565217391304348,0.9199519252449049,3.6569813885529934,0.8411057193671885,0.00031723707267339307,0.00025525002490424853,0.7765282018516152,0.6566907897763448,0.00023248526561960085,0.0004085325837708765,-6.198704776914454e-05
23,105,0.0,0.008747456573107323,0.8747456573107323,0.20119150118146842,-0.0005867883358715228,-0.0006683212471026083,-0.48010481302220503,-0.559808737505784,-0.0006974361769941131,0.0012222088176491238,-8.153291123108542e-05
23,106,1.0,0.9656862745098039,3.4313725490196068,0.7892156862745096,0.0019942884183057896,0.002131801284714981,1.2344402089770052,1.3033803250700495,0.001849166960541295,0.0016155407153810061,0.00013751286640919158
23,107,1.0,0.9656862745098039,3.4313725490196068,0.7892156862745096,0.0013660794583864391,0.0013029902280019905,0.8028334374106854,0.7586514858606215,0.00120658536242995,0.001701572698307567,-6.308923038444861e-05
23,108,1.0,0.8529411764705883,14.705882352941169,3.382352941176469,0.0008496350916298301,0.0006878903497464354,0.3750276171737052,0.30219360587724886,0.0006576104645884781,0.0022655267311588317,-0.00016174474188339468
23,109,1.0,1.0,0.0,0.0,0.0035125362981295594,0.0033325354072272096,1.5850897313936807,1.5469733781212378,0.003335942739262154,0.002215985775796543,-0.00018000089090234976
23,110,1.0,1.0,0.0,0.0,0.0027784912297920197,0.0028222443369002176,1.415039463881674,1.442319238385721,0.0026986178296070436,0.001963543279683653,4.375310710819785e-05
23,111,1.0,0.8529411764705883,14.705882352941169,3.382352941176469,0.0004217500464139129,0.0003197864530833734,0.5379008840931155,0.4269815690524314,0.0002989070788832651,0.0007840664681653584,-0.00010196359333053948
23,112,1.0,0.8529411764705883,14.705882352941169,3.382352941176469,0.0008239456963641048,0.0007605396791073634,0.4109786059434025,0.38930601509243573,0.0007163842410562642,0.002004838413602419,-6.34060172567414e-05
23,113,1.0,0.9656862745098039,3.4313725490196068,0.7892156862745096,0.0006533772309350733,0.0005897118265537464,0.908514688873386,0.826099214375265,0.000580483815826661,0.0007191707948556133,-6.36654043813269e-05
23,114,1.0,1.0,0.0,0.0,0.0036241211237567073,0.0034588137406501565,1.5777774631808543,1.5582304272501186,0.003494873393607101,0.0022969786350290193,-0.00016530738310655078
23,115,1.0,0.962574646145,3.742535385500001,0.8607831386650002,0.0005800770555441509,0.0005024090536307223,0.8328102106074176,0.7449057446676547,0.0004539130889846327,0.0006965297112784754,-7.766800191342865e-05
23,116,1.0,1.0,0.0,0.0,0.00361055635598357,0.003289457184963939,1.666039113689473,1.5601531346217086,0.003431716131856019,0.0021671498143809656,-0.0003210991710196308
23,117,1.0,0.9656862745098039,3.4313725490196068,0.7892156862745096,0.001624930882221258,0.0016304413785452297,1.1708014557955757,1.2053726156429379,0.0015199774082776951,0.0013878791097992743,5.510496323971742e-06
23,118,1.0,1.0,0.0,0.0,0.0031652152414616552,0.0031484729509285406,2.578266428101613,2.5841047777899924,0.0030621102172529737,0.001227652505948431,-1.674229053311464e-05
23,119,1.0,0.9656862745098039,3.4313725490196068,0.7892156862745096,0.001544498254628185,0.0014350072804027226,0.8862532203817429,0.8249635718970686,0.0014604693747882324,0.0017427279462667688,-0.0001094909742254623
23,120,1.0,0.9656862745098039,3.4313725490196068,0.7892156862745096,0.003704871426355283,0.00362758698727414,1.290598172496431,1.3012540867183282,0.0035336231031928168,0.0028706622288088885,-7.728443908114292e-05
23,121,0.9565217391304348,0.8529411764705883,10.35805626598465,2.3823529411764692,0.0005172718144236255,0.0002703593441980821,0.5844328004231228,0.3193560921505721,0.00042501408141731623,0.0008850834758917132,-0.00024691247022554336
23,122,1.0,1.0,0.0,0.0,0.003495223722663976,0.0033648141994035334,1.5302160369988944,1.520204897994541,0.003310444454007081,0.00228413742775753,-0.00013040952326044252
23,123,0.6086956521739131,0.40652867302668916,20.216697914722392,4.64984052038615,8.213029139923778e-05,6.195077071911317e-05,0.13038559305061184,0.10451077786000794,1.37552807018669e-05,0.0006299031164229719,-2.017952068012461e-05
23,124,0.0,0.0392156862745098,3.9215686274509802,0.9019607843137255,-0.0003733061462335638,-0.0003114112980226395,-0.37951957016650023,-0.3041978176275801,-0.0004957046012648497,0.000983628185681675,6.18948482109243e-05
23,125,0.7391304347826086,0.4431979145806919,29.593252020191674,6.806447964644085,0.00016856411114903047,0.00018689990817707903,0.10905069151125964,0.11983023857250563,7.34431692554373e-05,0.0015457408734691608,1.833579702804856e-05
23,126,0.9565217391304348,0.5592693673055544,39.72523718248804,9.136804551972249,0.0005126798027958734,0.00045919595285535963,0.17905783844214831,0.15929290509024743,0.00038264488020860367,0.002863207817408758,-5.3483849940513806e-05
23,127,0.0,0.0,0.0,0.0,-0.0005964936349671449,-0.000608348150698579,-0.958642461596299,-1.0272370868470406,-0.0006734017056565946,0.0006222274297905435,-1.1854515731434174e-05
23,128,1.0,1.0,0.0,0.0,0.0009398514913663072,0.000953537025929033,1.9428917467432312,1.867237168167082,0.0007937386300857183,0.00048373847536371063,1.3685534562725725e-05
23,129,1.0,1.0,0.0,0.0,0.002183295353818497,0.0022319237986491184,1.6877801824757739,1.7029300175009738,0.002102876436869296,0.0012935898741362523,4.8628444830621335e-05
